아이폰 15 프로 256GB [ 자급제 ],"최저 1,614,900원"
아이폰 15 프로 128GB [ 자급제 ],"최저 1,472,000원"
아이폰 15 프로 맥스 256GB [ 자급제 ],"최저 1,804,900원"
아이폰 15 128GB [ 자급제 ],"최저 1,200,000원"
아이폰 14 128GB [자급제],"최저 952,660원"
아이폰 15 256GB [ 자급제 ],"최저 1,344,000원"
아이폰 15 프로 맥스 512GB [ 자급제 ],"최저 2,090,000원"
아이폰 14 프로 128GB [자급제],"최저 1,326,180원"
아이폰 15 프로 512GB [ 자급제 ],"최저 1,900,000원"
삼성 정품 C타입 25W 초고속 갤럭시 충전기 아이폰 15 호환 (EP-TA800N),"13,800원
배송비
2,500원"
아이폰 15 프로 256GB [ SKT ],"최저 837,500원"
만렙 맥세이프 충전기 애플워치 3in1 무선충전기 아이폰,"36,500원
배송비
3,000원"
더블디 아이폰 고속충전기 12W 듀얼 2.4A,"최저 6,000원"
아이폰 14 프로 256GB [자급제],"최저 1,588,990원"
아이폰 15 프로 128GB [ SKT ],"최저 493,000원"
아이폰 13 미니 128GB [자급제],"최저 946,660원"
애플 정품 20W 충전기 어댑터 고속 C타입 급속(아이폰 5W 18W 애플워치 에어팟 호환),"16,900원
배송비
3,000원"
초텍 MFM 2in1 아이폰 맥세이프 무선충전기 T575-F,"최저 92,900원"
로랜텍 아이폰 충전기 C to 8핀 고속케이블 세트,"최저 11,900원"
아이폰 14 256GB [자급제],"최저 1,083,760원"
빅쏘 15W 아이폰 고속 무선 맥세이프 충전기 W3,"최저 21,900원"
아이폰 15 플러스 128GB [ 자급제 ],"최저 1,296,000원"
아이폰 15 플러스 256GB [ 자급제 ],"최저 1,440,000원"
이쏘코리아 맥세이프 충전기 3in1 무선충전기 아이폰 애플워치 에어팟,"32,500원
배송비
3,000원"
Apple 정품 아이폰 15 Pro 자급제 화이트티타늄 256GB A3102,"1,700,000원
배송비
무료"
아이폰 충전기 애플 정품 20w USB C타입 어댑터 라이트닝(8핀) 고속 케이블 세트,"39,900원
배송비
3,000원"
Apple 아이폰 15 프로 256GB [ KT ],"최저 804,840원"
만렙 아이폰 무선충전기 맥세이프 에어팟 2in1,"27,500원
배송비
3,000원"
아이폰 15 프로 1TB [ 자급제 ],"최저 2,185,000원"
아이폰 15 256GB [ SKT ],"최저 465,540원"
아이폰 13 256GB [자급제],"최저 1,090,000원"
맥세이프 애플워치 충전기 아이폰 3IN1 무선충전기,"29,900원
배송비
3,000원"
아이폰13 미니 128GB 공시기준 Apple iPhone13 128G,"39,000원
배송비
무료"
바이퍼럭스 클레버 타키온 GaN PD PPS 접지형 75W 고속멀티충전기 G21CA,"최저 33,900원"
아이폰 15 프로 맥스 1TB [ 자급제 ],"최저 2,375,000원"
레드빈 더베러 3in1 접이식 맥세이프 멀티 무선 충전기 P1,"최저 89,900원"
바이퍼럭스 클레버 타키온 60W 4포트 접지형 퀵차지3.0 고속 멀티충전기,"최저 25,800원"
더코너스톤 MANLAB 3in1 애플워치 아이폰 맥세이프 무선 충전기 2세대,"최저 40,900원"
아이폰 15 프로 맥스 256GB [ SKT ],"최저 919,620원"
만렙 아이폰 무선충전기 애플워치 에어팟 3in1 호환,"31,900원
배송비
3,000원"
